範囲名,'22,'21,'20,'19,'18,'17
監査制度,,,,,,
職業倫理,,,https://note.com/kinkitaro/n/n1e50bf4f6628,,,
職業倫理（精神的独立性）,,,,,,
マクロ経済,,,,,,
連結財務諸表及び組織再編,,,,,,
セグメント情報・関連当事者,,,,,,
実査・立会・確認,,,,,,
リスク評価及び評価したリスクへの対応,,,https://note.com/kinkitaro/n/n155673539803,,,
決算実務と開示,,,https://note.com/kinkitaro/n/n9d1d11927787,,,
現預金・借入金,,,,,,
販売,,,https://note.com/kinkitaro/n/n735f8b13405e,,,
経営分析総論,,,,,,
国際財務報告基準(IFRS)の概要,,,,,,
購買・棚卸資産・原価計算,,,https://note.com/kinkitaro/n/n25b20a195f5a,,,
金融商品,,,https://note.com/kinkitaro/n/n81342a14e0ed,,,
固定資産,,,https://note.com/kinkitaro/n/n64b482db01c7,,,
人件費,,,https://note.com/kinkitaro/n/n918478c3a08d,,,
財務諸表における不正,,,https://note.com/kinkitaro/n/n17db1ee5f97d,,,
財務報告に係る内部統制の監査,,,https://note.com/kinkitaro/n/nd5081f13b524,,,
連結財務諸表作成の基礎,,,,,,
連結財務諸表（会計処理・セグメント・CF）,,,,,,
連結財務諸表作成実務,,,,,,
分析的手続（旧：財務諸表分析（監査等における利用））,,,,,,
純資産の部・包括利益・過年度遡及,,,,,,
ITのリスク評価の概論,,,,,,
ファイナンスの基礎,,,https://note.com/kinkitaro/n/n4e76e12704b2,,,
税金・税効果会計,,,,,,
業務処理統制,,,,,,
監査の結論及び報告,,,,,,
企業再編の実務,,,,,,
組織再編の会計・税務・法務,,,,,,
企業におけるリスク管理,,,,,,
経営管理と内部統制,,,,,,
デューデリジェンス,,,,,,
企業価値評価,,,,,,
職業倫理（ゼミナール）（旧：監査事例研究）,,,,,,
退職給付会計,,,,,,
コーポレートガバナンス,,,,,,
法人税,,,,,,
所得税,,,https://note.com/kinkitaro/n/n4de5eecede8c,,,
相続税・贈与税・資産課税,,,https://note.com/kinkitaro/n/n4de5eecede8c,,,
消費税,,,https://note.com/kinkitaro/n/n4de5eecede8c,,,
地方税,,,,,,
