範囲名,'21,'20,'19,'18,'17
監査制度,,,,,
職業倫理,,https://jfael.or.jp/institution/jitsumu-cms/wp-content/uploads/2022/04/2020rinri.pdf#page=2,,,
職業倫理（精神的独立性）,,https://jfael.or.jp/institution/jitsumu-cms/wp-content/uploads/2022/04/2020rinri.pdf#page=3,,,
マクロ経済,,,,,
連結財務諸表及び組織再編,,,,,
セグメント情報・関連当事者,,,,,
実査・立会・確認,,,,,
リスク評価及び評価したリスクへの対応,,https://jfael.or.jp/institution/jitsumu-cms/wp-content/uploads/2022/04/2020kansa.pdf#page=2,,,
決算実務と開示,,https://jfael.or.jp/institution/jitsumu-cms/wp-content/uploads/2022/04/2020kaikei.pdf#page=2|https://jfael.or.jp/institution/jitsumu-cms/wp-content/uploads/2022/04/2020kansa.pdf#page=11,,,
現預金・借入金,,,,,
販売,,https://jfael.or.jp/institution/jitsumu-cms/wp-content/uploads/2022/04/2020kaikei.pdf#page=13|https://jfael.or.jp/institution/jitsumu-cms/wp-content/uploads/2022/04/2020kansa.pdf#page=8,,,
経営分析総論,,https://jfael.or.jp/institution/jitsumu-cms/wp-content/uploads/2022/04/2020keiei.pdf#page=2,,,
国際財務報告基準(IFRS)の概要,,https://jfael.or.jp/institution/jitsumu-cms/wp-content/uploads/2022/04/2020kaikei.pdf#page=18,,,
購買・棚卸資産・原価計算,,https://jfael.or.jp/institution/jitsumu-cms/wp-content/uploads/2022/04/2020kaikei.pdf#page=13|https://jfael.or.jp/institution/jitsumu-cms/wp-content/uploads/2022/04/2020kansa.pdf#page=9,,,
金融商品,,https://jfael.or.jp/institution/jitsumu-cms/wp-content/uploads/2022/04/2020kaikei.pdf#page=15|https://jfael.or.jp/institution/jitsumu-cms/wp-content/uploads/2022/04/2020kansa.pdf#page=10,,,
固定資産,,https://jfael.or.jp/institution/jitsumu-cms/wp-content/uploads/2022/04/2020kaikei.pdf#page=14,,,
人件費,,https://jfael.or.jp/institution/jitsumu-cms/wp-content/uploads/2022/04/2020kaikei.pdf#page=17|https://jfael.or.jp/institution/jitsumu-cms/wp-content/uploads/2022/04/2020kansa.pdf#page=11,,,
財務諸表における不正,,https://jfael.or.jp/institution/jitsumu-cms/wp-content/uploads/2022/04/2020kansa.pdf#page=2,,,
財務報告に係る内部統制の監査,,https://jfael.or.jp/institution/jitsumu-cms/wp-content/uploads/2022/04/2020kansa.pdf#page=5,,,
連結財務諸表作成の基礎,,https://jfael.or.jp/institution/jitsumu-cms/wp-content/uploads/2022/04/2020kaikei.pdf#page=3,,,
連結財務諸表（会計処理・セグメント・CF）,,https://jfael.or.jp/institution/jitsumu-cms/wp-content/uploads/2022/04/2020kaikei.pdf#page=3,,,
連結財務諸表作成実務,,,,,
分析的手続（旧：財務諸表分析（監査等における利用））,,https://jfael.or.jp/institution/jitsumu-cms/wp-content/uploads/2022/04/2020kansa.pdf#page=12,,,
純資産の部・包括利益・過年度遡及,,,,,
ITのリスク評価の概論,,https://jfael.or.jp/institution/jitsumu-cms/wp-content/uploads/2022/04/2020keiei.pdf#page=4,,,
ファイナンスの基礎,,https://jfael.or.jp/institution/jitsumu-cms/wp-content/uploads/2022/04/2020keiei.pdf#page=7,,,
税金・税効果会計,,https://jfael.or.jp/institution/jitsumu-cms/wp-content/uploads/2022/04/2020kaikei.pdf#page=6,,,
業務処理統制,,https://jfael.or.jp/institution/jitsumu-cms/wp-content/uploads/2022/04/2020kansa.pdf#page=14,,,
監査の結論及び報告,,https://jfael.or.jp/institution/jitsumu-cms/wp-content/uploads/2022/04/2020kansa.pdf#page=4,,,
企業再編の実務,,,,,
組織再編の会計・税務・法務,,https://jfael.or.jp/institution/jitsumu-cms/wp-content/uploads/2022/04/2020kaikei.pdf#page=11,,,
企業におけるリスク管理,,,,,
経営管理と内部統制,,,,,
デューデリジェンス,,https://jfael.or.jp/institution/jitsumu-cms/wp-content/uploads/2022/04/2020kansa.pdf#page=14|https://jfael.or.jp/institution/jitsumu-cms/wp-content/uploads/2022/04/2020keiei.pdf#page=3,,,
企業価値評価,,,,,
職業倫理（ゼミナール）（旧：監査事例研究）,,https://jfael.or.jp/institution/jitsumu-cms/wp-content/uploads/2022/04/2020kansa.pdf#page=17|https://jfael.or.jp/institution/jitsumu-cms/wp-content/uploads/2022/04/2020rinri.pdf#page=4,,,
退職給付会計,,https://jfael.or.jp/institution/jitsumu-cms/wp-content/uploads/2022/04/2020kaikei.pdf#page=7|https://jfael.or.jp/institution/jitsumu-cms/wp-content/uploads/2022/04/2020kansa.pdf#page=13,,,
コーポレートガバナンス,,,,,
